komnr;komnr_navn;bydel;bydel_navn;borhf;borhf_navn;bohf;bohf_navn;bosh;bosh_navn;bodps;bodps_navn;kommentar
5605;5605 Sør-Varanger;;;1;Helse Nord RHF;1;Finnmark;11;Kirkenes;1;Øst-Finnmark;
5607;5607 Vadsø;;;1;Helse Nord RHF;1;Finnmark;11;Kirkenes;1;Øst-Finnmark;
5628;5628 Tana;;;1;Helse Nord RHF;1;Finnmark;11;Kirkenes;1;Øst-Finnmark;
5630;5630 Berlevåg;;;1;Helse Nord RHF;1;Finnmark;11;Kirkenes;1;Øst-Finnmark;
5632;5632 Båtsfjord;;;1;Helse Nord RHF;1;Finnmark;11;Kirkenes;1;Øst-Finnmark;
5634;5634 Vardø;;;1;Helse Nord RHF;1;Finnmark;11;Kirkenes;1;Øst-Finnmark;
5636;5636 Nesseby;;;1;Helse Nord RHF;1;Finnmark;11;Kirkenes;1;Øst-Finnmark;
5624;5624 Lebesby;;;1;Helse Nord RHF;1;Finnmark;11;Kirkenes;2;Midt-Finnmark;
5626;5626 Gamvik;;;1;Helse Nord RHF;1;Finnmark;11;Kirkenes;2;Midt-Finnmark;
5610;5610 Karasjok;;;1;Helse Nord RHF;1;Finnmark;12;Hammerfest;2;Midt-Finnmark;
5612;5612 Kautokeino;;;1;Helse Nord RHF;1;Finnmark;12;Hammerfest;2;Midt-Finnmark;
5622;5622 Porsanger;;;1;Helse Nord RHF;1;Finnmark;12;Hammerfest;2;Midt-Finnmark;
5601;5601 Alta;;;1;Helse Nord RHF;1;Finnmark;12;Hammerfest;3;Vest-Finnmark;
5603;5603 Hammerfest;;;1;Helse Nord RHF;1;Finnmark;12;Hammerfest;3;Vest-Finnmark;
5614;5614 Loppa;;;1;Helse Nord RHF;1;Finnmark;12;Hammerfest;3;Vest-Finnmark;
5616;5616 Hasvik;;;1;Helse Nord RHF;1;Finnmark;12;Hammerfest;3;Vest-Finnmark;
5618;5618 Måsøy;;;1;Helse Nord RHF;1;Finnmark;12;Hammerfest;3;Vest-Finnmark;
5620;5620 Nordkapp;;;1;Helse Nord RHF;1;Finnmark;12;Hammerfest;3;Vest-Finnmark;
5538;5538 Storfjord;;;1;Helse Nord RHF;2;UNN;21;Tromsø;4;Nord-Troms;
5540;5540 Kåfjord;;;1;Helse Nord RHF;2;UNN;21;Tromsø;4;Nord-Troms;
5542;5542 Skjervøy;;;1;Helse Nord RHF;2;UNN;21;Tromsø;4;Nord-Troms;
5544;5544 Nordreisa;;;1;Helse Nord RHF;2;UNN;21;Tromsø;4;Nord-Troms;
5546;5546 Kvænangen;;;1;Helse Nord RHF;2;UNN;21;Tromsø;4;Nord-Troms;
5520;5520 Bardu;;;1;Helse Nord RHF;2;UNN;21;Tromsø;5;Midt-Troms;
5524;5524 Målselv;;;1;Helse Nord RHF;2;UNN;21;Tromsø;5;Midt-Troms;
5526;5526 Sørreisa;;;1;Helse Nord RHF;2;UNN;21;Tromsø;5;Midt-Troms;
5528;5528 Dyrøy;;;1;Helse Nord RHF;2;UNN;21;Tromsø;5;Midt-Troms;
5530;5530 Senja;;;1;Helse Nord RHF;2;UNN;21;Tromsø;5;Midt-Troms;
5501;5501 Tromsø;;;1;Helse Nord RHF;2;UNN;21;Tromsø;6;Tromsø og omegn;
5532;5532 Balsfjord;;;1;Helse Nord RHF;2;UNN;21;Tromsø;6;Tromsø og omegn;
5534;5534 Karlsøy;;;1;Helse Nord RHF;2;UNN;21;Tromsø;6;Tromsø og omegn;
5536;5536 Lyngen;;;1;Helse Nord RHF;2;UNN;21;Tromsø;6;Tromsø og omegn;
5503;5503 Harstad;;;1;Helse Nord RHF;2;UNN;22;Harstad;7;Sør-Troms;
5510;5510 Kvæfjord;;;1;Helse Nord RHF;2;UNN;22;Harstad;7;Sør-Troms;
5514;5514 Ibestad;;;1;Helse Nord RHF;2;UNN;22;Harstad;7;Sør-Troms;
1851;1851 Lødingen;;;1;Helse Nord RHF;2;UNN;22;Harstad;8;Ofoten;
1853;1853 Evenes;;;1;Helse Nord RHF;2;UNN;22;Harstad;8;Ofoten;
5512;5512 Tjeldsund;;;1;Helse Nord RHF;2;UNN;22;Harstad;8;Ofoten;
5516;5516 Gratangen;;;1;Helse Nord RHF;2;UNN;23;Narvik;5;Midt-Troms;
5518;5518 Lavangen;;;1;Helse Nord RHF;2;UNN;23;Narvik;5;Midt-Troms;
5522;5522 Salangen;;;1;Helse Nord RHF;2;UNN;23;Narvik;5;Midt-Troms;
1806;1806 Narvik;;;1;Helse Nord RHF;2;UNN;23;Narvik;8;Ofoten;1.jan.2021: 1806 Narvik består av tidligere 1850 Tysfjord, 1854 Ballangen og 1805 Narvik. 1850 Tysfjord ble delt mellom 1806 Narvik og 1875 Hamarøy. SKDE velger 1806 Narvik. Tysfjord med ca 2000 innbyggere skifter opptaksområde fra Bodø (boshhn=8) til Narvik (boshhn=5).
1857;1857 Værøy;;;1;Helse Nord RHF;3;Nordland;31;Bodø;10;Lofoten;
1804;1804 Bodø;;;1;Helse Nord RHF;3;Nordland;31;Bodø;11;Salten;
1837;1837 Meløy;;;1;Helse Nord RHF;3;Nordland;31;Bodø;11;Salten;
1838;1838 Gildeskål;;;1;Helse Nord RHF;3;Nordland;31;Bodø;11;Salten;
1839;1839 Beiarn;;;1;Helse Nord RHF;3;Nordland;31;Bodø;11;Salten;
1840;1840 Saltdal;;;1;Helse Nord RHF;3;Nordland;31;Bodø;11;Salten;
1841;1841 Fauske;;;1;Helse Nord RHF;3;Nordland;31;Bodø;11;Salten;
1845;1845 Sørfold;;;1;Helse Nord RHF;3;Nordland;31;Bodø;11;Salten;
1848;1848 Steigen;;;1;Helse Nord RHF;3;Nordland;31;Bodø;11;Salten;
1856;1856 Røst;;;1;Helse Nord RHF;3;Nordland;31;Bodø;11;Salten;
1875;1875 Hamarøy;;;1;Helse Nord RHF;3;Nordland;31;Bodø;11;Salten;1.jan.2021: 1850 Tysfjord ble delt mellom 1806 Narvik og 1875 Hamarøy. SKDE velger 1806 Narvik. Tysfjord med ca 2000 innbyggere skifter opptaksområde fra Bodø (boshhn=8) til Narvik (boshhn=5).
1859;1859 Flakstad;;;1;Helse Nord RHF;3;Nordland;32;Lofoten;10;Lofoten;
1860;1860 Vestvågøy;;;1;Helse Nord RHF;3;Nordland;32;Lofoten;10;Lofoten;
1865;1865 Vågan;;;1;Helse Nord RHF;3;Nordland;32;Lofoten;10;Lofoten;
1874;1874 Moskenes;;;1;Helse Nord RHF;3;Nordland;32;Lofoten;10;Lofoten;
1866;1866 Hadsel;;;1;Helse Nord RHF;3;Nordland;33;Vesterålen;9;Vesterålen;
1867;1867 Bø (Nordland);;;1;Helse Nord RHF;3;Nordland;33;Vesterålen;9;Vesterålen;
1868;1868 Øksnes;;;1;Helse Nord RHF;3;Nordland;33;Vesterålen;9;Vesterålen;
1870;1870 Sortland;;;1;Helse Nord RHF;3;Nordland;33;Vesterålen;9;Vesterålen;
1871;1871 Andøy;;;1;Helse Nord RHF;3;Nordland;33;Vesterålen;9;Vesterålen;
1828;1828 Nesna;;;1;Helse Nord RHF;4;Helgeland;41;Mo i Rana;12;Mo i Rana;
1832;1832 Hemnes;;;1;Helse Nord RHF;4;Helgeland;41;Mo i Rana;12;Mo i Rana;
1833;1833 Rana;;;1;Helse Nord RHF;4;Helgeland;41;Mo i Rana;12;Mo i Rana;
1836;1836 Rødøy;;;1;Helse Nord RHF;4;Helgeland;41;Mo i Rana;12;Mo i Rana;
1824;1824 Vefsn;;;1;Helse Nord RHF;4;Helgeland;42;Mosjøen;13;Mosjøen;
1825;1825 Grane;;;1;Helse Nord RHF;4;Helgeland;42;Mosjøen;13;Mosjøen;
1826;1826 Hattfjelldal;;;1;Helse Nord RHF;4;Helgeland;42;Mosjøen;13;Mosjøen;
1811;1811 Bindal;;;1;Helse Nord RHF;4;Helgeland;43;Sandnessjøen;14;Ytre Helgeland;
1812;1812 Sømna;;;1;Helse Nord RHF;4;Helgeland;43;Sandnessjøen;14;Ytre Helgeland;
1813;1813 Brønnøy;;;1;Helse Nord RHF;4;Helgeland;43;Sandnessjøen;14;Ytre Helgeland;
1815;1815 Vega;;;1;Helse Nord RHF;4;Helgeland;43;Sandnessjøen;14;Ytre Helgeland;
1816;1816 Vevelstad;;;1;Helse Nord RHF;4;Helgeland;43;Sandnessjøen;14;Ytre Helgeland;
1818;1818 Herøy (Nordland);;;1;Helse Nord RHF;4;Helgeland;43;Sandnessjøen;14;Ytre Helgeland;
1820;1820 Alstahaug;;;1;Helse Nord RHF;4;Helgeland;43;Sandnessjøen;14;Ytre Helgeland;
1822;1822 Leirfjord;;;1;Helse Nord RHF;4;Helgeland;43;Sandnessjøen;14;Ytre Helgeland;
1827;1827 Dønna;;;1;Helse Nord RHF;4;Helgeland;43;Sandnessjøen;14;Ytre Helgeland;
1834;1834 Lurøy;;;1;Helse Nord RHF;4;Helgeland;43;Sandnessjøen;14;Ytre Helgeland;GCL 9/7-2025. Tidligere koblet til Rana av SKDE. Lurøy er todelt. Flest bosatte sogner til Sandnessjøen. SSB deler basert på grunnkretser.
1835;1835 Træna;;;1;Helse Nord RHF;4;Helgeland;43;Sandnessjøen;14;Ytre Helgeland;
5006;5006 Steinkjer;;;2;Helse Midt-Norge RHF;6;Nord-Trøndelag;61;Levanger;;;
5034;5034 Meråker;;;2;Helse Midt-Norge RHF;6;Nord-Trøndelag;61;Levanger;;;
5035;5035 Stjørdal;;;2;Helse Midt-Norge RHF;6;Nord-Trøndelag;61;Levanger;;;
5036;5036 Frosta;;;2;Helse Midt-Norge RHF;6;Nord-Trøndelag;61;Levanger;;;
5037;5037 Levanger;;;2;Helse Midt-Norge RHF;6;Nord-Trøndelag;61;Levanger;;;
5038;5038 Verdal;;;2;Helse Midt-Norge RHF;6;Nord-Trøndelag;61;Levanger;;;
5041;5041 Snåsa;;;2;Helse Midt-Norge RHF;6;Nord-Trøndelag;61;Levanger;;;
5053;5053 Inderøy;;;2;Helse Midt-Norge RHF;6;Nord-Trøndelag;61;Levanger;;;
5007;5007 Namsos;;;2;Helse Midt-Norge RHF;6;Nord-Trøndelag;62;Namsos;;;
5020;5020 Osen;;;2;Helse Midt-Norge RHF;6;Nord-Trøndelag;62;Namsos;;;
5042;5042 Lierne;;;2;Helse Midt-Norge RHF;6;Nord-Trøndelag;62;Namsos;;;
5043;5043 Røyrvik;;;2;Helse Midt-Norge RHF;6;Nord-Trøndelag;62;Namsos;;;
5044;5044 Namsskogan;;;2;Helse Midt-Norge RHF;6;Nord-Trøndelag;62;Namsos;;;
5045;5045 Grong;;;2;Helse Midt-Norge RHF;6;Nord-Trøndelag;62;Namsos;;;
5046;5046 Høylandet;;;2;Helse Midt-Norge RHF;6;Nord-Trøndelag;62;Namsos;;;
5047;5047 Overhalla;;;2;Helse Midt-Norge RHF;6;Nord-Trøndelag;62;Namsos;;;
5049;5049 Flatanger;;;2;Helse Midt-Norge RHF;6;Nord-Trøndelag;62;Namsos;;;
5052;5052 Leka;;;2;Helse Midt-Norge RHF;6;Nord-Trøndelag;62;Namsos;;;
5060;5060 Nærøysund;;;2;Helse Midt-Norge RHF;6;Nord-Trøndelag;62;Namsos;;;
5001;5001 Trondheim;;;2;Helse Midt-Norge RHF;7;St. Olav;71;St. Olav;;;
5001;5001 Trondheim;500101;01 Midtbyen;2;Helse Midt-Norge RHF;7;St. Olav;71;St. Olav;;;
5001;5001 Trondheim;500102;02 Østbyen;2;Helse Midt-Norge RHF;7;St. Olav;71;St. Olav;;;
5001;5001 Trondheim;500103;03 Lerkendal;2;Helse Midt-Norge RHF;7;St. Olav;71;St. Olav;;;
5001;5001 Trondheim;500104;04 Heimdal;2;Helse Midt-Norge RHF;7;St. Olav;71;St. Olav;;;
5001;5001 Trondheim;500199;99 Uoppgitt bydel Trondheim;2;Helse Midt-Norge RHF;7;St. Olav;71;St. Olav;;;
5025;5025 Røros;;;2;Helse Midt-Norge RHF;7;St. Olav;71;St. Olav;;;
5026;5026 Holtålen;;;2;Helse Midt-Norge RHF;7;St. Olav;71;St. Olav;;;
5027;5027 Midtre Gauldal;;;2;Helse Midt-Norge RHF;7;St. Olav;71;St. Olav;;;
5028;5028 Melhus;;;2;Helse Midt-Norge RHF;7;St. Olav;71;St. Olav;;;
5031;5031 Malvik;;;2;Helse Midt-Norge RHF;7;St. Olav;71;St. Olav;;;
5032;5032 Selbu;;;2;Helse Midt-Norge RHF;7;St. Olav;71;St. Olav;;;
5033;5033 Tydal;;;2;Helse Midt-Norge RHF;7;St. Olav;71;St. Olav;;;
5054;5054 Indre Fosen;;;2;Helse Midt-Norge RHF;7;St. Olav;71;St. Olav;;;
5057;5057 Ørland;;;2;Helse Midt-Norge RHF;7;St. Olav;71;St. Olav;;;
5058;5058 Åfjord;;;2;Helse Midt-Norge RHF;7;St. Olav;71;St. Olav;;;1.jan.2021: Nye 5058 Åfjord består av og 1630/5018 Åfjord og 1632/5019 Roan. Roan med ca 950 innbyggere var tidligere i opptaksområdet Helse Nord-Trøndelag (bohf=6).
5014;5014 Frøya;;;2;Helse Midt-Norge RHF;7;St. Olav;72;Orkdal;;;
5021;5021 Oppdal;;;2;Helse Midt-Norge RHF;7;St. Olav;72;Orkdal;;;
5022;5022 Rennebu;;;2;Helse Midt-Norge RHF;7;St. Olav;72;Orkdal;;;
5029;5029 Skaun;;;2;Helse Midt-Norge RHF;7;St. Olav;72;Orkdal;;;
5055;5055 Heim;;;2;Helse Midt-Norge RHF;7;St. Olav;72;Orkdal;;;1.jan.2021: 1571 Halsa, 5011 Hemne og del av 5012 Snillfjord ble slått sammen til 5055 Heim i 2020. Halsa med ca 1600 innbyggere tilhørte tidligere opptaksområdet Møre og Romsdal (bohf=8). 5012 Snillfjord ble delt mellom 5055 Heim, 5056 Hitra og 5059 Orkland. SKDE velger 5059 Orkland. 1613/5012 Snillfjord med ca 1000 innbyggere skifter ikke opptaksområde.
5056;5056 Hitra;;;2;Helse Midt-Norge RHF;7;St. Olav;72;Orkdal;;;1.jan.2021: 5012 Snillfjord ble delt mellom 5055 Heim, 5056 Hitra og 5059 Orkland. SKDE velger 5059 Orkland. 1613/5012 Snillfjord med ca 1000 innbyggere skifter ikke opptaksområde.
5059;5059 Orkland;;;2;Helse Midt-Norge RHF;7;St. Olav;72;Orkdal;;;1.jan.2021: 5012 Snillfjord ble delt mellom 5055 Heim, 5056 Hitra og 5059 Orkland. SKDE velger 5059 Orkland. 1613/5012 Snillfjord med ca 1000 innbyggere skifter ikke opptaksområde.
5061;5061 Rindal;;;2;Helse Midt-Norge RHF;7;St. Olav;72;Orkdal;;;
1505;1505 Kristiansund;;;2;Helse Midt-Norge RHF;8;Møre og Romsdal;81;Nordmøre og Romsdal;;;
1506;1506 Molde;;;2;Helse Midt-Norge RHF;8;Møre og Romsdal;81;Nordmøre og Romsdal;;;
1539;1539 Rauma;;;2;Helse Midt-Norge RHF;8;Møre og Romsdal;81;Nordmøre og Romsdal;;;
1547;1547 Aukra;;;2;Helse Midt-Norge RHF;8;Møre og Romsdal;81;Nordmøre og Romsdal;;;
1554;1554 Averøy;;;2;Helse Midt-Norge RHF;8;Møre og Romsdal;81;Nordmøre og Romsdal;;;
1557;1557 Gjemnes;;;2;Helse Midt-Norge RHF;8;Møre og Romsdal;81;Nordmøre og Romsdal;;;
1560;1560 Tingvoll;;;2;Helse Midt-Norge RHF;8;Møre og Romsdal;81;Nordmøre og Romsdal;;;
1563;1563 Sunndal;;;2;Helse Midt-Norge RHF;8;Møre og Romsdal;81;Nordmøre og Romsdal;;;
1566;1566 Surnadal;;;2;Helse Midt-Norge RHF;8;Møre og Romsdal;81;Nordmøre og Romsdal;;;
1573;1573 Smøla;;;2;Helse Midt-Norge RHF;8;Møre og Romsdal;81;Nordmøre og Romsdal;;;
1576;1576 Aure;;;2;Helse Midt-Norge RHF;8;Møre og Romsdal;81;Nordmøre og Romsdal;;;
1579;1579 Hustadvika;;;2;Helse Midt-Norge RHF;8;Møre og Romsdal;81;Nordmøre og Romsdal;;;
1511;1511 Vanylven;;;2;Helse Midt-Norge RHF;8;Møre og Romsdal;82;Volda;;;
1514;1514 Sande (Møre og Romsdal);;;2;Helse Midt-Norge RHF;8;Møre og Romsdal;82;Volda;;;
1515;1515 Herøy (Møre og Romsdal);;;2;Helse Midt-Norge RHF;8;Møre og Romsdal;82;Volda;;;
1516;1516 Ulstein;;;2;Helse Midt-Norge RHF;8;Møre og Romsdal;82;Volda;;;
1517;1517 Hareid;;;2;Helse Midt-Norge RHF;8;Møre og Romsdal;82;Volda;;;
1520;1520 Ørsta;;;2;Helse Midt-Norge RHF;8;Møre og Romsdal;82;Volda;;;
1577;1577 Volda;;;2;Helse Midt-Norge RHF;8;Møre og Romsdal;82;Volda;;;1.jan.2021: Nye 1577 Volda består av 1519 Volda og 1444 Hornindal. Hornindal med ca 1100 innbyggere var tidligere i opptaksområdet Helse Førde (bohf=10).
1508;1508 Ålesund;;;2;Helse Midt-Norge RHF;8;Møre og Romsdal;83;Ålesund;;;
1525;1525 Stranda;;;2;Helse Midt-Norge RHF;8;Møre og Romsdal;83;Ålesund;;;
1528;1528 Sykkylven;;;2;Helse Midt-Norge RHF;8;Møre og Romsdal;83;Ålesund;;;
1531;1531 Sula;;;2;Helse Midt-Norge RHF;8;Møre og Romsdal;83;Ålesund;;;
1532;1532 Giske;;;2;Helse Midt-Norge RHF;8;Møre og Romsdal;83;Ålesund;;;
1535;1535 Vestnes;;;2;Helse Midt-Norge RHF;8;Møre og Romsdal;83;Ålesund;;;
1578;1578 Fjord;;;2;Helse Midt-Norge RHF;8;Møre og Romsdal;83;Ålesund;;;
1580;1580 Haram;;;2;Helse Midt-Norge RHF;8;Møre og Romsdal;83;Ålesund;;;
4602;4602 Kinn;;;3;Helse Vest RHF;10;Førde;101;Førde;;;
4636;4636 Solund;;;3;Helse Vest RHF;10;Førde;101;Førde;;;
4637;4637 Hyllestad;;;3;Helse Vest RHF;10;Førde;101;Førde;;;
4638;4638 Høyanger;;;3;Helse Vest RHF;10;Førde;101;Førde;;;
4640;4640 Sogndal;;;3;Helse Vest RHF;10;Førde;101;Førde;;;
4644;4644 Luster;;;3;Helse Vest RHF;10;Førde;101;Førde;;;
4645;4645 Askvoll;;;3;Helse Vest RHF;10;Førde;101;Førde;;;
4646;4646 Fjaler;;;3;Helse Vest RHF;10;Førde;101;Førde;;;
4647;4647 Sunnfjord;;;3;Helse Vest RHF;10;Førde;101;Førde;;;
4648;4648 Bremanger;;;3;Helse Vest RHF;10;Førde;101;Førde;;;
4650;4650 Gloppen;;;3;Helse Vest RHF;10;Førde;101;Førde;;;
4651;4651 Stryn;;;3;Helse Vest RHF;10;Førde;101;Førde;;;
4639;4639 Vik;;;3;Helse Vest RHF;10;Førde;102;Lærdal;;;
4641;4641 Aurland;;;3;Helse Vest RHF;10;Førde;102;Lærdal;;;
4642;4642 Lærdal;;;3;Helse Vest RHF;10;Førde;102;Lærdal;;;
4643;4643 Årdal;;;3;Helse Vest RHF;10;Førde;102;Lærdal;;;
4649;4649 Stad;;;3;Helse Vest RHF;10;Førde;103;Nordfjord;;;
4601;4601 Bergen;460101;01 Arna;3;Helse Vest RHF;11;Bergen;91;Haraldsplass;;;
4601;4601 Bergen;460102;02 Bergenhus;3;Helse Vest RHF;11;Bergen;91;Haraldsplass;;;
4601;4601 Bergen;460108;08 Åsane;3;Helse Vest RHF;11;Bergen;91;Haraldsplass;;;
4623;4623 Samnanger;;;3;Helse Vest RHF;11;Bergen;91;Haraldsplass;;;
4628;4628 Vaksdal;;;3;Helse Vest RHF;11;Bergen;91;Haraldsplass;;;
4629;4629 Modalen;;;3;Helse Vest RHF;11;Bergen;91;Haraldsplass;;;
4630;4630 Osterøy;;;3;Helse Vest RHF;11;Bergen;91;Haraldsplass;;;
4631;4631 Alver;;;3;Helse Vest RHF;11;Bergen;91;Haraldsplass;;;
4632;4632 Austrheim;;;3;Helse Vest RHF;11;Bergen;91;Haraldsplass;;;
4633;4633 Fedje;;;3;Helse Vest RHF;11;Bergen;91;Haraldsplass;;;
4634;4634 Masfjorden;;;3;Helse Vest RHF;11;Bergen;91;Haraldsplass;;;
4635;4635 Gulen;;;3;Helse Vest RHF;11;Bergen;91;Haraldsplass;;;GCL 9/7-2025. Tidligere koblet til Førde av SKDE. SSB har i samråd med Helse SØ besluttet at Bergen er rette HF.02.02.2022: 4635 Gulen flyttes tilbake til Helse Førde (bohf=10). 1.jan 2021 ble Gulen flyttet fra Helse Førde til Helse Bergen (bohf=11).
4601;4601 Bergen;;;3;Helse Vest RHF;11;Bergen;111;Haukeland;;;
4601;4601 Bergen;460103;03 Fana;3;Helse Vest RHF;11;Bergen;111;Haukeland;;;
4601;4601 Bergen;460104;04 Fyllingsdalen;3;Helse Vest RHF;11;Bergen;111;Haukeland;;;
4601;4601 Bergen;460105;05 Laksevåg;3;Helse Vest RHF;11;Bergen;111;Haukeland;;;
4601;4601 Bergen;460106;06 Ytrebygda;3;Helse Vest RHF;11;Bergen;111;Haukeland;;;
4601;4601 Bergen;460107;07 Årstad;3;Helse Vest RHF;11;Bergen;111;Haukeland;;;
4601;4601 Bergen;460199;99 Uoppgitt bydel Bergen;3;Helse Vest RHF;11;Bergen;111;Haukeland;;;
4624;4624 Bjørnafjorden;;;3;Helse Vest RHF;11;Bergen;111;Haukeland;;;
4625;4625 Austevoll;;;3;Helse Vest RHF;11;Bergen;111;Haukeland;;;
4626;4626 Øygarden;;;3;Helse Vest RHF;11;Bergen;111;Haukeland;;;
4627;4627 Askøy;;;3;Helse Vest RHF;11;Bergen;111;Haukeland;;;
4619;4619 Eidfjord;;;3;Helse Vest RHF;11;Bergen;112;Voss;;;GCL 9/7-2025. Tidligere koblet til Fonna av SKDE. SSB har i samråd med Helse SØ besluttet at Bergen er rette HF.
4620;4620 Ulvik;;;3;Helse Vest RHF;11;Bergen;112;Voss;;;
4621;4621 Voss;;;3;Helse Vest RHF;11;Bergen;112;Voss;;;
4622;4622 Kvam;;;3;Helse Vest RHF;11;Bergen;112;Voss;;;
1106;1106 Haugesund;;;3;Helse Vest RHF;12;Fonna;121;Haugesund;;;
1134;1134 Suldal;;;3;Helse Vest RHF;12;Fonna;121;Haugesund;;;
1135;1135 Sauda;;;3;Helse Vest RHF;12;Fonna;121;Haugesund;;;
1145;1145 Bokn;;;3;Helse Vest RHF;12;Fonna;121;Haugesund;;;
1146;1146 Tysvær;;;3;Helse Vest RHF;12;Fonna;121;Haugesund;;;
1149;1149 Karmøy;;;3;Helse Vest RHF;12;Fonna;121;Haugesund;;;
1151;1151 Utsira;;;3;Helse Vest RHF;12;Fonna;121;Haugesund;;;
1160;1160 Vindafjord;;;3;Helse Vest RHF;12;Fonna;121;Haugesund;;;
4611;4611 Etne;;;3;Helse Vest RHF;12;Fonna;121;Haugesund;;;
4612;4612 Sveio;;;3;Helse Vest RHF;12;Fonna;121;Haugesund;;;
4618;4618 Ullensvang;;;3;Helse Vest RHF;12;Fonna;122;Odda;;;
4613;4613 Bømlo;;;3;Helse Vest RHF;12;Fonna;123;Stord;;;
4614;4614 Stord;;;3;Helse Vest RHF;12;Fonna;123;Stord;;;
4615;4615 Fitjar;;;3;Helse Vest RHF;12;Fonna;123;Stord;;;
4616;4616 Tysnes;;;3;Helse Vest RHF;12;Fonna;123;Stord;;;
4617;4617 Kvinnherad;;;3;Helse Vest RHF;12;Fonna;123;Stord;;;
1101;1101 Eigersund;;;3;Helse Vest RHF;13;Stavanger;131;Stavanger;;;
1103;1103 Stavanger;;;3;Helse Vest RHF;13;Stavanger;131;Stavanger;;;
1103;1103 Stavanger;110301;01 Hundvåg;3;Helse Vest RHF;13;Stavanger;131;Stavanger;;;
1103;1103 Stavanger;110302;02 Tasta;3;Helse Vest RHF;13;Stavanger;131;Stavanger;;;
1103;1103 Stavanger;110303;03 Eiganes/Våland;3;Helse Vest RHF;13;Stavanger;131;Stavanger;;;
1103;1103 Stavanger;110304;04 Madla;3;Helse Vest RHF;13;Stavanger;131;Stavanger;;;
1103;1103 Stavanger;110305;05 Storhaug;3;Helse Vest RHF;13;Stavanger;131;Stavanger;;;
1103;1103 Stavanger;110306;06 Hillevåg;3;Helse Vest RHF;13;Stavanger;131;Stavanger;;;
1103;1103 Stavanger;110307;07 Hinna;3;Helse Vest RHF;13;Stavanger;131;Stavanger;;;
1103;1103 Stavanger;110308;08 Finnøy;3;Helse Vest RHF;13;Stavanger;131;Stavanger;;;
1103;1103 Stavanger;110309;09 Rennesøy;3;Helse Vest RHF;13;Stavanger;131;Stavanger;;;
1103;1103 Stavanger;110399;99 Uoppgitt bydel Stavanger;3;Helse Vest RHF;13;Stavanger;131;Stavanger;;;
1108;1108 Sandnes;;;3;Helse Vest RHF;13;Stavanger;131;Stavanger;;;
1111;1111 Sokndal;;;3;Helse Vest RHF;13;Stavanger;131;Stavanger;;;
1112;1112 Lund;;;3;Helse Vest RHF;13;Stavanger;131;Stavanger;;;
1114;1114 Bjerkreim;;;3;Helse Vest RHF;13;Stavanger;131;Stavanger;;;
1119;1119 Hå;;;3;Helse Vest RHF;13;Stavanger;131;Stavanger;;;
1120;1120 Klepp;;;3;Helse Vest RHF;13;Stavanger;131;Stavanger;;;
1121;1121 Time;;;3;Helse Vest RHF;13;Stavanger;131;Stavanger;;;
1122;1122 Gjesdal;;;3;Helse Vest RHF;13;Stavanger;131;Stavanger;;;
1124;1124 Sola;;;3;Helse Vest RHF;13;Stavanger;131;Stavanger;;;
1127;1127 Randaberg;;;3;Helse Vest RHF;13;Stavanger;131;Stavanger;;;
1130;1130 Strand;;;3;Helse Vest RHF;13;Stavanger;131;Stavanger;;;
1133;1133 Hjelmeland;;;3;Helse Vest RHF;13;Stavanger;131;Stavanger;;;
1144;1144 Kvitsøy;;;3;Helse Vest RHF;13;Stavanger;131;Stavanger;;;
3101;3101 Halden;;;4;Helse Sør-Øst RHF;14;Østfold;141;Østfold;;;
3103;3103 Moss;;;4;Helse Sør-Øst RHF;14;Østfold;141;Østfold;;;
3105;3105 Sarpsborg;;;4;Helse Sør-Øst RHF;14;Østfold;141;Østfold;;;
3107;3107 Fredrikstad;;;4;Helse Sør-Øst RHF;14;Østfold;141;Østfold;;;
3110;3110 Hvaler;;;4;Helse Sør-Øst RHF;14;Østfold;141;Østfold;;;
3112;3112 Råde;;;4;Helse Sør-Øst RHF;14;Østfold;141;Østfold;;;
3114;3114 Våler;;;4;Helse Sør-Øst RHF;14;Østfold;141;Østfold;;;
3116;3116 Skiptvet;;;4;Helse Sør-Øst RHF;14;Østfold;141;Østfold;;;
3118;3118 Indre Østfold;;;4;Helse Sør-Øst RHF;14;Østfold;141;Østfold;;;
3120;3120 Rakkestad;;;4;Helse Sør-Øst RHF;14;Østfold;141;Østfold;;;
3122;3122 Marker;;;4;Helse Sør-Øst RHF;14;Østfold;141;Østfold;;;
3124;3124 Aremark;;;4;Helse Sør-Øst RHF;14;Østfold;141;Østfold;;;
3216;3216 Vestby;;;4;Helse Sør-Øst RHF;14;Østfold;141;Østfold;;;1.jan.2021: Sykehuset Østfold ble i 2018 lokalsykehus for 211/3019 Vestby. Vestby med ca 17800 innbyggere var tidligere i opptaksområdet til Akershus (bohf=15).
301;0301 Oslo kommune;30110;10 Grorud;4;Helse Sør-Øst RHF;15;Akershus;151;Akershus;;;
301;0301 Oslo kommune;30111;11 Stovner;4;Helse Sør-Øst RHF;15;Akershus;151;Akershus;;;
301;0301 Oslo kommune;30112;12 Alna;4;Helse Sør-Øst RHF;15;Akershus;151;Akershus;;;
3205;3205 Lillestrøm;;;4;Helse Sør-Øst RHF;15;Akershus;151;Akershus;;;
3207;3207 Nordre Follo;;;4;Helse Sør-Øst RHF;15;Akershus;151;Akershus;;;
3209;3209 Ullensaker;;;4;Helse Sør-Øst RHF;15;Akershus;151;Akershus;;;
3212;3212 Nesodden;;;4;Helse Sør-Øst RHF;15;Akershus;151;Akershus;;;
3214;3214 Frogn;;;4;Helse Sør-Øst RHF;15;Akershus;151;Akershus;;;
3218;3218 Ås;;;4;Helse Sør-Øst RHF;15;Akershus;151;Akershus;;;
3220;3220 Enebakk;;;4;Helse Sør-Øst RHF;15;Akershus;151;Akershus;;;
3222;3222 Lørenskog;;;4;Helse Sør-Øst RHF;15;Akershus;151;Akershus;;;
3224;3224 Rælingen;;;4;Helse Sør-Øst RHF;15;Akershus;151;Akershus;;;
3226;3226 Aurskog-Høland;;;4;Helse Sør-Øst RHF;15;Akershus;151;Akershus;;;
3230;3230 Gjerdrum;;;4;Helse Sør-Øst RHF;15;Akershus;151;Akershus;;;
3232;3232 Nittedal;;;4;Helse Sør-Øst RHF;15;Akershus;151;Akershus;;;
3238;3238 Nannestad;;;4;Helse Sør-Øst RHF;15;Akershus;151;Akershus;;;
3240;3240 Eidsvoll;;;4;Helse Sør-Øst RHF;15;Akershus;151;Akershus;;;
3242;3242 Hurdal;;;4;Helse Sør-Øst RHF;15;Akershus;151;Akershus;;;
3228;3228 Nes;;;4;Helse Sør-Øst RHF;15;Akershus;152;Kongsvinger;;;1.jan.2021: Kongsvinger sykehus (tidligere del av Sykehuset Innlandet HF) ble 1.feb 2019 del av Akershus HF. Følgende kommuner (3401 Kongsvinger, 3417 Grue, 3414 Nord-Odal, 3415 Sør-Odal, 3416 Eidskog, 3034 Nes) med ca 64500 innbyggerevar tidligere i opptaksområdet Innlandet (bohf=19).
3401;3401 Kongsvinger;;;4;Helse Sør-Øst RHF;15;Akershus;152;Kongsvinger;;;1.jan.2021: Kongsvinger sykehus (tidligere del av Sykehuset Innlandet HF) ble 1.feb 2019 del av Akershus HF. Følgende kommuner (3401 Kongsvinger, 3417 Grue, 3414 Nord-Odal, 3415 Sør-Odal, 3416 Eidskog, 3034 Nes) med ca 64500 innbyggerevar tidligere i opptaksområdet Innlandet (bohf=19).
3414;3414 Nord-Odal;;;4;Helse Sør-Øst RHF;15;Akershus;152;Kongsvinger;;;1.jan.2021: Kongsvinger sykehus (tidligere del av Sykehuset Innlandet HF) ble 1.feb 2019 del av Akershus HF. Følgende kommuner (3401 Kongsvinger, 3417 Grue, 3414 Nord-Odal, 3415 Sør-Odal, 3416 Eidskog, 3034 Nes) med ca 64500 innbyggerevar tidligere i opptaksområdet Innlandet (bohf=19).
3415;3415 Sør-Odal;;;4;Helse Sør-Øst RHF;15;Akershus;152;Kongsvinger;;;1.jan.2021: Kongsvinger sykehus (tidligere del av Sykehuset Innlandet HF) ble 1.feb 2019 del av Akershus HF. Følgende kommuner (3401 Kongsvinger, 3417 Grue, 3414 Nord-Odal, 3415 Sør-Odal, 3416 Eidskog, 3034 Nes) med ca 64500 innbyggerevar tidligere i opptaksområdet Innlandet (bohf=19).
3416;3416 Eidskog;;;4;Helse Sør-Øst RHF;15;Akershus;152;Kongsvinger;;;1.jan.2021: Kongsvinger sykehus (tidligere del av Sykehuset Innlandet HF) ble 1.feb 2019 del av Akershus HF. Følgende kommuner (3401 Kongsvinger, 3417 Grue, 3414 Nord-Odal, 3415 Sør-Odal, 3416 Eidskog, 3034 Nes) med ca 64500 innbyggerevar tidligere i opptaksområdet Innlandet (bohf=19).
3417;3417 Grue;;;4;Helse Sør-Øst RHF;15;Akershus;152;Kongsvinger;;;1.jan.2021: Kongsvinger sykehus (tidligere del av Sykehuset Innlandet HF) ble 1.feb 2019 del av Akershus HF. Følgende kommuner (3401 Kongsvinger, 3417 Grue, 3414 Nord-Odal, 3415 Sør-Odal, 3416 Eidskog, 3034 Nes) med ca 64500 innbyggerevar tidligere i opptaksområdet Innlandet (bohf=19).
301;0301 Oslo kommune;30103;03 Sagene;4;Helse Sør-Øst RHF;16;OUS;161;Oslo universitetssykehus;;;
301;0301 Oslo kommune;30108;08 Nordre Aker;4;Helse Sør-Øst RHF;16;OUS;161;Oslo universitetssykehus;;;
301;0301 Oslo kommune;30109;09 Bjerke;4;Helse Sør-Øst RHF;16;OUS;161;Oslo universitetssykehus;;;
301;0301 Oslo kommune;30113;13 Østensjø;4;Helse Sør-Øst RHF;16;OUS;161;Oslo universitetssykehus;;;
301;0301 Oslo kommune;30114;14 Nordstrand;4;Helse Sør-Øst RHF;16;OUS;161;Oslo universitetssykehus;;;
301;0301 Oslo kommune;30115;15 Søndre Nordstrand;4;Helse Sør-Øst RHF;16;OUS;161;Oslo universitetssykehus;;;
301;0301 Oslo kommune;30116;16 Sentrum;4;Helse Sør-Øst RHF;16;OUS;161;Oslo universitetssykehus;;;
301;0301 Oslo kommune;30117;17 Marka;4;Helse Sør-Øst RHF;16;OUS;161;Oslo universitetssykehus;;;
301;0301 Oslo kommune;30199;99 Uoppgitt bydel Oslo;4;Helse Sør-Øst RHF;16;OUS;161;Oslo universitetssykehus;;;
301;0301 Oslo kommune;30101;01 Gamle Oslo;4;Helse Sør-Øst RHF;17;Lovisenberg;171;Lovisenberg;;;
301;0301 Oslo kommune;30102;02 Grünerløkka;4;Helse Sør-Øst RHF;17;Lovisenberg;171;Lovisenberg;;;
301;0301 Oslo kommune;30104;04 St. Hanshaugen;4;Helse Sør-Øst RHF;17;Lovisenberg;171;Lovisenberg;;;
301;0301 Oslo kommune;30105;05 Frogner;4;Helse Sør-Øst RHF;18;Diakonhjemmet;181;Diakonhjemmet;;;
301;0301 Oslo kommune;30106;06 Ullern;4;Helse Sør-Øst RHF;18;Diakonhjemmet;181;Diakonhjemmet;;;
301;0301 Oslo kommune;30107;07 Vestre Aker;4;Helse Sør-Øst RHF;18;Diakonhjemmet;181;Diakonhjemmet;;;
3403;3403 Hamar;;;4;Helse Sør-Øst RHF;19;Innlandet;191;Elverum-Hamar;;;
3411;3411 Ringsaker;;;4;Helse Sør-Øst RHF;19;Innlandet;191;Elverum-Hamar;;;
3412;3412 Løten;;;4;Helse Sør-Øst RHF;19;Innlandet;191;Elverum-Hamar;;;
3413;3413 Stange;;;4;Helse Sør-Øst RHF;19;Innlandet;191;Elverum-Hamar;;;
3418;3418 Åsnes;;;4;Helse Sør-Øst RHF;19;Innlandet;191;Elverum-Hamar;;;
3419;3419 Våler (Innlandet);;;4;Helse Sør-Øst RHF;19;Innlandet;191;Elverum-Hamar;;;
3420;3420 Elverum;;;4;Helse Sør-Øst RHF;19;Innlandet;191;Elverum-Hamar;;;
3421;3421 Trysil;;;4;Helse Sør-Øst RHF;19;Innlandet;191;Elverum-Hamar;;;
3422;3422 Åmot;;;4;Helse Sør-Øst RHF;19;Innlandet;191;Elverum-Hamar;;;
3423;3423 Stor-Elvdal;;;4;Helse Sør-Øst RHF;19;Innlandet;191;Elverum-Hamar;;;
3425;3425 Engerdal;;;4;Helse Sør-Øst RHF;19;Innlandet;191;Elverum-Hamar;;;
3234;3234 Lunner;;;4;Helse Sør-Øst RHF;19;Innlandet;193;Gjøvik;;;
3407;3407 Gjøvik;;;4;Helse Sør-Øst RHF;19;Innlandet;193;Gjøvik;;;
3442;3442 Østre Toten;;;4;Helse Sør-Øst RHF;19;Innlandet;193;Gjøvik;;;
3443;3443 Vestre Toten;;;4;Helse Sør-Øst RHF;19;Innlandet;193;Gjøvik;;;
3446;3446 Gran;;;4;Helse Sør-Øst RHF;19;Innlandet;193;Gjøvik;;;
3447;3447 Søndre Land;;;4;Helse Sør-Øst RHF;19;Innlandet;193;Gjøvik;;;
3448;3448 Nordre Land;;;4;Helse Sør-Øst RHF;19;Innlandet;193;Gjøvik;;;
3449;3449 Sør-Aurdal;;;4;Helse Sør-Øst RHF;19;Innlandet;193;Gjøvik;;;
3450;3450 Etnedal;;;4;Helse Sør-Øst RHF;19;Innlandet;193;Gjøvik;;;
3451;3451 Nord-Aurdal;;;4;Helse Sør-Øst RHF;19;Innlandet;193;Gjøvik;;;
3452;3452 Vestre Slidre;;;4;Helse Sør-Øst RHF;19;Innlandet;193;Gjøvik;;;
3453;3453 Øystre Slidre;;;4;Helse Sør-Øst RHF;19;Innlandet;193;Gjøvik;;;
3454;3454 Vang;;;4;Helse Sør-Øst RHF;19;Innlandet;193;Gjøvik;;;
3405;3405 Lillehammer;;;4;Helse Sør-Øst RHF;19;Innlandet;194;Lillehammer;;;
3431;3431 Dovre;;;4;Helse Sør-Øst RHF;19;Innlandet;194;Lillehammer;;;
3432;3432 Lesja;;;4;Helse Sør-Øst RHF;19;Innlandet;194;Lillehammer;;;
3433;3433 Skjåk;;;4;Helse Sør-Øst RHF;19;Innlandet;194;Lillehammer;;;
3434;3434 Lom;;;4;Helse Sør-Øst RHF;19;Innlandet;194;Lillehammer;;;
3435;3435 Vågå;;;4;Helse Sør-Øst RHF;19;Innlandet;194;Lillehammer;;;
3436;3436 Nord-Fron;;;4;Helse Sør-Øst RHF;19;Innlandet;194;Lillehammer;;;
3437;3437 Sel;;;4;Helse Sør-Øst RHF;19;Innlandet;194;Lillehammer;;;
3438;3438 Sør-Fron;;;4;Helse Sør-Øst RHF;19;Innlandet;194;Lillehammer;;;
3439;3439 Ringebu;;;4;Helse Sør-Øst RHF;19;Innlandet;194;Lillehammer;;;
3440;3440 Øyer;;;4;Helse Sør-Øst RHF;19;Innlandet;194;Lillehammer;;;
3441;3441 Gausdal;;;4;Helse Sør-Øst RHF;19;Innlandet;194;Lillehammer;;;
3424;3424 Rendalen;;;4;Helse Sør-Øst RHF;19;Innlandet;195;Tynset;;;
3426;3426 Tolga;;;4;Helse Sør-Øst RHF;19;Innlandet;195;Tynset;;;
3427;3427 Tynset;;;4;Helse Sør-Øst RHF;19;Innlandet;195;Tynset;;;
3428;3428 Alvdal;;;4;Helse Sør-Øst RHF;19;Innlandet;195;Tynset;;;
3429;3429 Folldal;;;4;Helse Sør-Øst RHF;19;Innlandet;195;Tynset;;;
3430;3430 Os;;;4;Helse Sør-Øst RHF;19;Innlandet;195;Tynset;;;
3201;3201 Bærum;;;4;Helse Sør-Øst RHF;20;Vestre Viken;201;Bærum;;;
3203;3203 Asker;;;4;Helse Sør-Øst RHF;20;Vestre Viken;201;Bærum;;;
3301;3301 Drammen;;;4;Helse Sør-Øst RHF;20;Vestre Viken;202;Drammen;;;
3312;3312 Lier;;;4;Helse Sør-Øst RHF;20;Vestre Viken;202;Drammen;;;
3303;3303 Kongsberg;;;4;Helse Sør-Øst RHF;20;Vestre Viken;203;Kongsberg;;;
3314;3314 Øvre Eiker;;;4;Helse Sør-Øst RHF;20;Vestre Viken;203;Kongsberg;;;
3334;3334 Flesberg;;;4;Helse Sør-Øst RHF;20;Vestre Viken;203;Kongsberg;;;
3336;3336 Rollag;;;4;Helse Sør-Øst RHF;20;Vestre Viken;203;Kongsberg;;;
3338;3338 Nore og Uvdal;;;4;Helse Sør-Øst RHF;20;Vestre Viken;203;Kongsberg;;;
3236;3236 Jevnaker;;;4;Helse Sør-Øst RHF;20;Vestre Viken;204;Ringerike;;;
3305;3305 Ringerike;;;4;Helse Sør-Øst RHF;20;Vestre Viken;204;Ringerike;;;
3310;3310 Hole;;;4;Helse Sør-Øst RHF;20;Vestre Viken;204;Ringerike;;;
3316;3316 Modum;;;4;Helse Sør-Øst RHF;20;Vestre Viken;204;Ringerike;;;
3318;3318 Krødsherad;;;4;Helse Sør-Øst RHF;20;Vestre Viken;204;Ringerike;;;
3320;3320 Flå;;;4;Helse Sør-Øst RHF;20;Vestre Viken;204;Ringerike;;;
3322;3322 Nesbyen;;;4;Helse Sør-Øst RHF;20;Vestre Viken;204;Ringerike;;;
3324;3324 Gol;;;4;Helse Sør-Øst RHF;20;Vestre Viken;204;Ringerike;;;
3326;3326 Hemsedal;;;4;Helse Sør-Øst RHF;20;Vestre Viken;204;Ringerike;;;
3328;3328 Ål;;;4;Helse Sør-Øst RHF;20;Vestre Viken;204;Ringerike;;;
3330;3330 Hol;;;4;Helse Sør-Øst RHF;20;Vestre Viken;204;Ringerike;;;
3332;3332 Sigdal;;;4;Helse Sør-Øst RHF;20;Vestre Viken;204;Ringerike;;;
3901;3901 Horten;;;4;Helse Sør-Øst RHF;21;Vestfold;211;Vestfold;;;
3903;3903 Holmestrand;;;4;Helse Sør-Øst RHF;21;Vestfold;211;Vestfold;;;1.jan.2021: 3802 Holmestrand består av 713 Sande og 715 Holmestrand. Sande med ca 10000 innbyggere var tidligere i opptaksområdet Vestre Viken (bohf=20).
3905;3905 Tønsberg;;;4;Helse Sør-Øst RHF;21;Vestfold;211;Vestfold;;;
3907;3907 Sandefjord;;;4;Helse Sør-Øst RHF;21;Vestfold;211;Vestfold;;;
3909;3909 Larvik;;;4;Helse Sør-Øst RHF;21;Vestfold;211;Vestfold;;;
3911;3911 Færder;;;4;Helse Sør-Øst RHF;21;Vestfold;211;Vestfold;;;
4005;4005 Notodden;;;4;Helse Sør-Øst RHF;22;Telemark;221;Notodden;;;
4020;4020 Midt-Telemark;;;4;Helse Sør-Øst RHF;22;Telemark;221;Notodden;;;
4022;4022 Seljord;;;4;Helse Sør-Øst RHF;22;Telemark;221;Notodden;;;
4024;4024 Hjartdal;;;4;Helse Sør-Øst RHF;22;Telemark;221;Notodden;;;
4026;4026 Tinn;;;4;Helse Sør-Øst RHF;22;Telemark;221;Notodden;;;
4028;4028 Kviteseid;;;4;Helse Sør-Øst RHF;22;Telemark;221;Notodden;;;
4034;4034 Tokke;;;4;Helse Sør-Øst RHF;22;Telemark;221;Notodden;;;
4036;4036 Vinje;;;4;Helse Sør-Øst RHF;22;Telemark;221;Notodden;;;
4001;4001 Porsgrunn;;;4;Helse Sør-Øst RHF;22;Telemark;222;Skien;;;
4003;4003 Skien;;;4;Helse Sør-Øst RHF;22;Telemark;222;Skien;;;
4010;4010 Siljan;;;4;Helse Sør-Øst RHF;22;Telemark;222;Skien;;;
4012;4012 Bamble;;;4;Helse Sør-Øst RHF;22;Telemark;222;Skien;;;
4014;4014 Kragerø;;;4;Helse Sør-Øst RHF;22;Telemark;222;Skien;;;
4016;4016 Drangedal;;;4;Helse Sør-Øst RHF;22;Telemark;222;Skien;;;
4018;4018 Nome;;;4;Helse Sør-Øst RHF;22;Telemark;222;Skien;;;
4030;4030 Nissedal;;;4;Helse Sør-Øst RHF;22;Telemark;222;Skien;;;
4032;4032 Fyresdal;;;4;Helse Sør-Øst RHF;22;Telemark;222;Skien;;;
4201;4201 Risør;;;4;Helse Sør-Øst RHF;23;Sørlandet;231;Arendal;;;
4202;4202 Grimstad;;;4;Helse Sør-Øst RHF;23;Sørlandet;231;Arendal;;;
4203;4203 Arendal;;;4;Helse Sør-Øst RHF;23;Sørlandet;231;Arendal;;;
4211;4211 Gjerstad;;;4;Helse Sør-Øst RHF;23;Sørlandet;231;Arendal;;;
4212;4212 Vegårshei;;;4;Helse Sør-Øst RHF;23;Sørlandet;231;Arendal;;;
4213;4213 Tvedestrand;;;4;Helse Sør-Øst RHF;23;Sørlandet;231;Arendal;;;
4214;4214 Froland;;;4;Helse Sør-Øst RHF;23;Sørlandet;231;Arendal;;;
4217;4217 Åmli;;;4;Helse Sør-Øst RHF;23;Sørlandet;231;Arendal;;;
4206;4206 Farsund;;;4;Helse Sør-Øst RHF;23;Sørlandet;232;Flekkefjord;;;
4207;4207 Flekkefjord;;;4;Helse Sør-Øst RHF;23;Sørlandet;232;Flekkefjord;;;
4225;4225 Lyngdal;;;4;Helse Sør-Øst RHF;23;Sørlandet;232;Flekkefjord;;;
4226;4226 Hægebostad;;;4;Helse Sør-Øst RHF;23;Sørlandet;232;Flekkefjord;;;
4227;4227 Kvinesdal;;;4;Helse Sør-Øst RHF;23;Sørlandet;232;Flekkefjord;;;
4228;4228 Sirdal;;;4;Helse Sør-Øst RHF;23;Sørlandet;232;Flekkefjord;;;
4204;4204 Kristiansand;;;4;Helse Sør-Øst RHF;23;Sørlandet;233;Kristiansand;;;
4205;4205 Lindesnes;;;4;Helse Sør-Øst RHF;23;Sørlandet;233;Kristiansand;;;
4215;4215 Lillesand;;;4;Helse Sør-Øst RHF;23;Sørlandet;233;Kristiansand;;;
4216;4216 Birkenes;;;4;Helse Sør-Øst RHF;23;Sørlandet;233;Kristiansand;;;
4218;4218 Iveland;;;4;Helse Sør-Øst RHF;23;Sørlandet;233;Kristiansand;;;
4219;4219 Evje og Hornnes;;;4;Helse Sør-Øst RHF;23;Sørlandet;233;Kristiansand;;;
4220;4220 Bygland;;;4;Helse Sør-Øst RHF;23;Sørlandet;233;Kristiansand;;;
4221;4221 Valle;;;4;Helse Sør-Øst RHF;23;Sørlandet;233;Kristiansand;;;
4222;4222 Bykle;;;4;Helse Sør-Øst RHF;23;Sørlandet;233;Kristiansand;;;
4223;4223 Vennesla;;;4;Helse Sør-Øst RHF;23;Sørlandet;233;Kristiansand;;;
4224;4224 Åseral;;;4;Helse Sør-Øst RHF;23;Sørlandet;233;Kristiansand;;;
301;301 Oslo;;;4;Helse Sør-Øst RHF;30;Oslo;301;Oslo;;;
;;;;4;Helse Sør-Øst RHF;31;Indre Oslo;;;;;
2100;2100 Svalbard;;;24;Utlandet/Svalbard;24;Utlandet;;;;;
2211;2211 Jan Mayen;;;24;Utlandet/Svalbard;24;Utlandet;;;;;
2311;2311 Kontinentalsokkelen;;;24;Utlandet/Svalbard;24;Utlandet;;;;;
2321;2321 Kontinentalsokkelen;;;24;Utlandet/Svalbard;24;Utlandet;;;;;
9000;9000 Utenlandske statsborgere uten konv;;;24;Utlandet/Svalbard;24;Utlandet;;;;;
9900;9900 Utenlandske statsborgere med konve;;;24;Utlandet/Svalbard;24;Utlandet;;;;;
9999;9999 Ukjent;;;99;Ukjent/ugyldig kommunenr;99;Ukjent;;;;Ukjent;
;;;;7777;Helse Nord RHF;7777;Helse Nord;;;;Helse Nord;
8888;Norge;;;8888;Norge;8888;Norge;8888;Norge;8888;Norge;
